{
    "avgMpg": 22.3,
    "co2PerGal": 8.887,
    "LaToNyMiles": 2790,
    "co2LANY": 995.77,
    "distance": 10195.87,
    "materials": {
        "Aluminum": 0.00987,
        "Palladium": 6.43391,
        "Platinum":	37.01729,
        "Gold":	21.5996,
        "Copper": 0.00352,
        "Steel": 0.00086
    }
}