{
    "co2PerMile": 0.000403,
    "LaToNyMiles": 2789,
    "distance": 10195.87,
    "materials": {
        "Aluminum": 0.00987,
        "Palladium": 6.43391,
        "Platinum":	37.01729,
        "Gold":	21.5996,
        "Copper": 0.00352,
        "Steel": 0.00086
    }
}